Year,Person,Uni,Role,Mentor,Notes
2023-2024,Jeremy Suh,jcs2285,Chair,,
2023-2024,April Wang,aw3324,Chair,,
2023-2024,Christine Kim,ck3090,Mentor,,
2023-2024,Lamiya Rahman,lr2983,Mentor,,
2023-2024,Naomi Katayama,nk2978,Mentor,,
2023-2024,Ethan Xu,ex2134,Mentor,,
2023-2024,Helen Chen,hc3293,Mentor,,
2023-2024,Allison Peng,ap4313,Mentor,,
2023-2024,Emma Chen,ezc2105,Mentor,,
2023-2024,Nicholas Djedjos,nld2129,Mentor,,
2023-2024,Amanda Zheng,axz2003,Mentor,,
2023-2024,Femme Sutivong,ts3424,Mentor,,
2023-2024,Kaylene Eun,kte2115,Mentor,,
2023-2024,Jennifer Chiu,jc5926,Mentor,,
2023-2024,Luana Liao,ll3637,Mentor,,
2023-2024,Natalie Kim,njk2150,Mentee,Christine Kim,
2023-2024,Adita Das,ad4223,Mentee,Lamiya Rahman,
2023-2024,Dhruv Goyal,dmg2208,Mentee,Naomi Katayama,
2023-2024,Heng Yang,hzy2001,Mentee,Ethan Xu,
2023-2024,Praharsha Gurram,psg2132,Mentee,Helen Chen,
2023-2024,Malaika Dsa,mmd2267,Mentee,Allison Peng,
2023-2024,Claire Zhu,clz2117,Mentee,Emma Chen,
2023-2024,Sayem Kamal,sk5336,Mentee,Nicholas Djedjos,
2023-2024,Love Patel,lkp2133,Mentee,Amanda Zheng,
2023-2024,Litian Zheng,lz2964,Mentee,Femme Sutivong,
2023-2024,Rebecca Tang,rkt2122,Mentee,Kaylene Eun,
2023-2024,Ananya Bhatia,ab5685,Mentee,Jennifer Chiu,
2023-2024,Izzy Zhang,imz2108,Mentee,Luana Liao,
2024-2025,Ethan Xu,ex2134,Chair,,
2024-2025,Kaylene Eun,kte2115,Chair,,
2024-2025,Love Patel,lkp2133,Mentor,,
2024-2025,Amanda Zheng,axz2003,Mentor,,
2024-2025,Luana Liao,ll3637,Mentor,,
2024-2025,Jennifer Chiu,jc5926,Mentor,,
2024-2025,Malaika Dsa,mmd2267,Mentor,,
2024-2025,Izzy Zhang,imz2108,Mentor,,
2024-2025,Natalie Kim,njk2150,Mentor,,
2024-2025,Allison Peng,ap4313,Mentor,,
2024-2025,Rebecca Tang,rkt2122,Mentor,,
2024-2025,Dhruv Goyal,dmg2208,Mentor,,
2024-2025,Litian Zheng,lz2964,Mentor,,
2024-2025,Christina Lin,cl4623,Mentee,Amanda Zheng,
2024-2025,Terran Li,tl3388,Mentee,Jennifer Chen,
2024-2025,Jaeyi Song,js6689,Mentee,Luana Liao,
2024-2025,Jason Huang,jh4427,Mentee,Jennifer Chiu,
2024-2025,Anusua Chowdhury,ac5727,Mentee,Malaika Dsa,
2024-2025,Eileen Lin,el3358,Mentee,Izzy Zhang,
2024-2025,Lyla Prasad,lp3112,Mentee,Love Patel,
2024-2025,Audrea Chen,aec2274,Mentee,Natalie Kim,
2024-2025,Ella Zheng,sz3314,Mentee,Allison Peng,
2024-2025,Sophia Li,stl2154,Mentee,Rebecca Tang,
2024-2025,Alex Chen,ac5294,Mentee,Dhruv Goyal,
2024-2025,Mia Shin,mys2131,Mentee,Litian Zheng,
2025-2026,Ethan Xu,ex2134,Chair,,
2025-2026,Becca Tang,rkt2122,Chair,,
2025-2026,Allison Peng,ap4313,Mentor,,
2025-2026,Lyla Prasad,lp3112,Mentor,,
2025-2026,Love Patel,lkp2133,Mentor,,
2025-2026,Sophia Li,stl2154,Mentor,,
2025-2026,Terran Li,tl3388,Mentor,,
2025-2026,Audrea Chen,aec2274,Mentor,,
2025-2026,Christina Lin,cl4623,Mentor,,
2025-2026,Natalie Kim,njk2150,Mentor,,
2025-2026,Alex Chen,ac5294,Mentor,,
2025-2026,Jennifer Chiu,jc5926,Mentor,,
2025-2026,Dhruv Goyal,dmg2208,Mentor,,
2025-2026,Malaika Dsa,mmd2267,Mentor,,
2025-2026,Ryan Wang,rw2973,Mentor,,
2025-2026,Madeline Lee,ml5376,Mentee,Allison Peng,
2025-2026,Jasmine Ma,jxm2105,Mentee,Lyla Prasad,
2025-2026,Spencer Diep,smd2252,Mentee,Love Patel,
2025-2026,Eunice Choi,emc2306,Mentee,Sophia Li,
2025-2026,Chloe Cho,cc4857,Mentee,Terran Li,
2025-2026,Marissa Luu,ml5401,Mentee,Audrea Chen,
2025-2026,Zaira Ebdane,ze2157,Mentee,Christina Lin,
2025-2026,Laiba Imran,li2205,Mentee,Natalie Kim,
2025-2026,Yuhao Xiao,yx3043,Mentee,Alex Chen,
2025-2026,Ankita Saha,as7926,Mentee,Jennifer Chiu,
2025-2026,Sophia Tsien,st3537,Mentee,Dhruv Goyal,
2025-2026,Nice Matrakul,pm3377,Mentee,Malaika Dsa,
2025-2026,Sophie Zhang,sz3438,Mentee,Ryan Wang,
2026-2027,Love Patel,lkp2133,Chair,,
2026-2027,Becca Tang,rkt2122,Chair,,
2026-2027,Audrea Chen,aec2274,Mentor,,
2026-2027,Alice Wang,aw3579,Mentor,,
2026-2027,Sophia Tsien,st3537,Mentor,,
2026-2027,Jasmine Ma,jxm2105,Mentor,,
2026-2027,Natalie Kim,njk2150,Mentor,,
2026-2027,Jason Xiao,yx3043,Mentor,,
2026-2027,Zaira Ebdane,ze2157,Mentor,,
2026-2027,Malaika Dsa,mmd2267,Mentor,,
2026-2027,Madeline Lee,ml5376,Mentor,,
2026-2027,Alex Chen,ac5294,Mentor,,
2026-2027,Ankita Saha,as7926,Mentor,,
2026-2027,Spencer Diep,smd2252,Mentor,,
2026-2027,Christina Lin,cl4623,Mentor,,
2026-2027,Elly Gao,zg2490,Mentee,Zaira Ebdane,
2026-2027,Andy Song,ss8020,Mentee,Alice Wang,
2026-2027,Ken Zhao,kz2647,Mentee,Jason Xiao,
2026-2027,Coke Cao,yc4973,Mentee,Alice Wang,
2026-2027,Shrividya Regadamilli,sr4500,Mentee,Christina Lin,
2026-2027,Morgan Lee,mel2291,Mentee,Ankita Saha,
2026-2027,Anna Lu,atl2165,Mentee,Madeline Lee,
2026-2027,Sarafina Zhang,smz2137,Mentee,Spencer Diep,
2026-2027,Jaman Mahamud,jm5986,Mentee,Alex Chen,
2026-2027,Selena Zhang,sz3298,Mentee,Zaira Ebdane,
2026-2027,Donghee (Danny) Kim,dk3581,Mentee,Audrea Chen,
2026-2027,Nathalie Zhang,nz2472,Mentee,Sophia Tsien,
2026-2027,Alicia Chen,azc2114,Mentee,Audrea Chen,
2026-2027,Agastya Varshney,av3437,Mentee,Jasmine Ma,
2026-2027,Daniella Litman,drl2170,Mentee,Jasmine Ma,
2026-2027,Ava Ng,an3514,Mentee,Malaika Dsa,
2026-2027,Kiki Hu,yh3987,Mentee,Malaika Dsa,